CurrentName,NewName
26111001,المكلفون بالعمل في الثانوية العامة الدفعة السادسة -26111001
26111002,المكلفون بالعمل في الثانوية العامة الدفعة السادسة -26111002
26111003,المكلفون بالعمل في الثانوية العامة الدفعة السادسة -26111003
26111004,المكلفون بالعمل في الثانوية العامة الدفعة السادسة -26111004
26111005,المكلفون بالعمل في الثانوية العامة الدفعة السادسة -26111005
26111006,المكلفون بالعمل في الثانوية العامة الدفعة السادسة -26111006
26111007,المكلفون بالعمل في الثانوية العامة الدفعة السادسة -26111007
26111009,المكلفون بالعمل في الثانوية العامة الدفعة السادسة -26111009
26111010,المكلفون بالعمل في الثانوية العامة الدفعة السادسة -26111010
26111011,المكلفون بالعمل في الثانوية العامة الدفعة السادسة -26111011
26111012,المكلفون بالعمل في الثانوية العامة الدفعة السادسة -26111012
26111013,المكلفون بالعمل في الثانوية العامة الدفعة السادسة -26111013
26111014,المكلفون بالعمل في الثانوية العامة الدفعة السادسة -26111014
26111016,المكلفون بالعمل في الثانوية العامة الدفعة السادسة -26111016
26111019,المكلفون بالعمل في الثانوية العامة الدفعة السادسة -26111019
26111020,المكلفون بالعمل في الثانوية العامة الدفعة السادسة -26111020
26111061,المكلفون بالعمل في الثانوية العامة الدفعة السادسة -26111061
26111066,المكلفون بالعمل في الثانوية العامة الدفعة السادسة -26111066
26111067,المكلفون بالعمل في الثانوية العامة الدفعة السادسة -26111067
26111070,المكلفون بالعمل في الثانوية العامة الدفعة السادسة -26111070
26111071,المكلفون بالعمل في الثانوية العامة الدفعة السادسة -26111071
26111072,المكلفون بالعمل في الثانوية العامة الدفعة السادسة -26111072
26111073,المكلفون بالعمل في الثانوية العامة الدفعة السادسة -26111073
26111083,المكلفون بالعمل في الثانوية العامة الدفعة السادسة -26111083
26111084,المكلفون بالعمل في الثانوية العامة الدفعة السادسة -26111084
26111086,المكلفون بالعمل في الثانوية العامة الدفعة السادسة -26111086
26111087,المكلفون بالعمل في الثانوية العامة الدفعة السادسة -26111087
26111089,المكلفون بالعمل في الثانوية العامة الدفعة السادسة -26111089
26111090,المكلفون بالعمل في الثانوية العامة الدفعة السادسة -26111090
26111091,المكلفون بالعمل في الثانوية العامة الدفعة السادسة -26111091
26111092,المكلفون بالعمل في الثانوية العامة الدفعة السادسة -26111092
26111093,المكلفون بالعمل في الثانوية العامة الدفعة السادسة -26111093
26111094,المكلفون بالعمل في الثانوية العامة الدفعة السادسة -26111094
26111095,المكلفون بالعمل في الثانوية العامة الدفعة السادسة -26111095
26111096,المكلفون بالعمل في الثانوية العامة الدفعة السادسة -26111096
26111097,المكلفون بالعمل في الثانوية العامة الدفعة السادسة -26111097
26111098,المكلفون بالعمل في الثانوية العامة الدفعة السادسة -26111098
26111099,المكلفون بالعمل في الثانوية العامة الدفعة السادسة -26111099
26111100,المكلفون بالعمل في الثانوية العامة الدفعة السادسة -26111100
26111104,المكلفون بالعمل في الثانوية العامة الدفعة السادسة -26111104
26111105,المكلفون بالعمل في الثانوية العامة الدفعة السادسة -26111105
26111111,المكلفون بالعمل في الثانوية العامة الدفعة السادسة -26111111
26111119,المكلفون بالعمل في الثانوية العامة الدفعة السادسة -26111119
26111120,المكلفون بالعمل في الثانوية العامة الدفعة السادسة -26111120
26111121,المكلفون بالعمل في الثانوية العامة الدفعة السادسة -26111121
26111141,المكلفون بالعمل في الثانوية العامة الدفعة السادسة -26111141
26111145,المكلفون بالعمل في الثانوية العامة الدفعة السادسة -26111145
26111148,المكلفون بالعمل في الثانوية العامة الدفعة السادسة -26111148
26111149,المكلفون بالعمل في الثانوية العامة الدفعة السادسة -26111149
26111150,المكلفون بالعمل في الثانوية العامة الدفعة السادسة -26111150
26111152,المكلفون بالعمل في الثانوية العامة الدفعة السادسة -26111152
26111157,المكلفون بالعمل في الثانوية العامة الدفعة السادسة -26111157
26111158,المكلفون بالعمل في الثانوية العامة الدفعة السادسة -26111158
26111159,المكلفون بالعمل في الثانوية العامة الدفعة السادسة -26111159
26111160,المكلفون بالعمل في الثانوية العامة الدفعة السادسة -26111160
26111162,المكلفون بالعمل في الثانوية العامة الدفعة السادسة -26111162
26111163,المكلفون بالعمل في الثانوية العامة الدفعة السادسة -26111163
26111176,المكلفون بالعمل في الثانوية العامة الدفعة السادسة -26111176
26111177,المكلفون بالعمل في الثانوية العامة الدفعة السادسة -26111177
26111178,المكلفون بالعمل في الثانوية العامة الدفعة السادسة -26111178
26111180,المكلفون بالعمل في الثانوية العامة الدفعة السادسة -26111180
26111181,المكلفون بالعمل في الثانوية العامة الدفعة السادسة -26111181
26111189,المكلفون بالعمل في الثانوية العامة الدفعة السادسة -26111189
26111211,المكلفون بالعمل في الثانوية العامة الدفعة السادسة -26111211
26111213,المكلفون بالعمل في الثانوية العامة الدفعة السادسة -26111213
26111214,المكلفون بالعمل في الثانوية العامة الدفعة السادسة -26111214
26111215,المكلفون بالعمل في الثانوية العامة الدفعة السادسة -26111215
26111216,المكلفون بالعمل في الثانوية العامة الدفعة السادسة -26111216
26111231,المكلفون بالعمل في الثانوية العامة الدفعة السادسة -26111231
26111240,المكلفون بالعمل في الثانوية العامة الدفعة السادسة -26111240
26111241,المكلفون بالعمل في الثانوية العامة الدفعة السادسة -26111241
26111246,المكلفون بالعمل في الثانوية العامة الدفعة السادسة -26111246
26111247,المكلفون بالعمل في الثانوية العامة الدفعة السادسة -26111247
26111248,المكلفون بالعمل في الثانوية العامة الدفعة السادسة -26111248
26111251,المكلفون بالعمل في الثانوية العامة الدفعة السادسة -26111251
26111258,المكلفون بالعمل في الثانوية العامة الدفعة السادسة -26111258
26111263,المكلفون بالعمل في الثانوية العامة الدفعة السادسة -26111263
26111264,المكلفون بالعمل في الثانوية العامة الدفعة السادسة -26111264
26111265,المكلفون بالعمل في الثانوية العامة الدفعة السادسة -26111265
26111273,المكلفون بالعمل في الثانوية العامة الدفعة السادسة -26111273
26111274,المكلفون بالعمل في الثانوية العامة الدفعة السادسة -26111274
26111279,المكلفون بالعمل في الثانوية العامة الدفعة السادسة -26111279
26111283,المكلفون بالعمل في الثانوية العامة الدفعة السادسة -26111283
26111284,المكلفون بالعمل في الثانوية العامة الدفعة السادسة -26111284
26111301,المكلفون بالعمل في الثانوية العامة الدفعة السادسة -26111301
26111302,المكلفون بالعمل في الثانوية العامة الدفعة السادسة -26111302
26111303,المكلفون بالعمل في الثانوية العامة الدفعة السادسة -26111303
26111304,المكلفون بالعمل في الثانوية العامة الدفعة السادسة -26111304
26111305,المكلفون بالعمل في الثانوية العامة الدفعة السادسة -26111305
26111312,المكلفون بالعمل في الثانوية العامة الدفعة السادسة -26111312
26111350,المكلفون بالعمل في الثانوية العامة الدفعة السادسة -26111350
26111351,المكلفون بالعمل في الثانوية العامة الدفعة السادسة -26111351
26111353,المكلفون بالعمل في الثانوية العامة الدفعة السادسة -26111353
26111354,المكلفون بالعمل في الثانوية العامة الدفعة السادسة -26111354
26111356,المكلفون بالعمل في الثانوية العامة الدفعة السادسة -26111356
26111357,المكلفون بالعمل في الثانوية العامة الدفعة السادسة -26111357
26111358,المكلفون بالعمل في الثانوية العامة الدفعة السادسة -26111358
26111359,المكلفون بالعمل في الثانوية العامة الدفعة السادسة -26111359
26111360,المكلفون بالعمل في الثانوية العامة الدفعة السادسة -26111360
26111361,المكلفون بالعمل في الثانوية العامة الدفعة السادسة -26111361
26111362,المكلفون بالعمل في الثانوية العامة الدفعة السادسة -26111362
26111363,المكلفون بالعمل في الثانوية العامة الدفعة السادسة -26111363
26111364,المكلفون بالعمل في الثانوية العامة الدفعة السادسة -26111364
26111365,المكلفون بالعمل في الثانوية العامة الدفعة السادسة -26111365
26111366,المكلفون بالعمل في الثانوية العامة الدفعة السادسة -26111366
26111369,المكلفون بالعمل في الثانوية العامة الدفعة السادسة -26111369
26111370,المكلفون بالعمل في الثانوية العامة الدفعة السادسة -26111370
26111371,المكلفون بالعمل في الثانوية العامة الدفعة السادسة -26111371
26111372,المكلفون بالعمل في الثانوية العامة الدفعة السادسة -26111372
26111373,المكلفون بالعمل في الثانوية العامة الدفعة السادسة -26111373
26111374,المكلفون بالعمل في الثانوية العامة الدفعة السادسة -26111374
26111375,المكلفون بالعمل في الثانوية العامة الدفعة السادسة -26111375
26111376,المكلفون بالعمل في الثانوية العامة الدفعة السادسة -26111376
26111377,المكلفون بالعمل في الثانوية العامة الدفعة السادسة -26111377
26111378,المكلفون بالعمل في الثانوية العامة الدفعة السادسة -26111378
26111379,المكلفون بالعمل في الثانوية العامة الدفعة السادسة -26111379
26111380,المكلفون بالعمل في الثانوية العامة الدفعة السادسة -26111380
26111381,المكلفون بالعمل في الثانوية العامة الدفعة السادسة -26111381
26111382,المكلفون بالعمل في الثانوية العامة الدفعة السادسة -26111382
26111383,المكلفون بالعمل في الثانوية العامة الدفعة السادسة -26111383
26111384,المكلفون بالعمل في الثانوية العامة الدفعة السادسة -26111384
26111385,المكلفون بالعمل في الثانوية العامة الدفعة السادسة -26111385
26111386,المكلفون بالعمل في الثانوية العامة الدفعة السادسة -26111386
26111388,المكلفون بالعمل في الثانوية العامة الدفعة السادسة -26111388
26111390,المكلفون بالعمل في الثانوية العامة الدفعة السادسة -26111390
26111391,المكلفون بالعمل في الثانوية العامة الدفعة السادسة -26111391
26111392,المكلفون بالعمل في الثانوية العامة الدفعة السادسة -26111392
26111393,المكلفون بالعمل في الثانوية العامة الدفعة السادسة -26111393
26111394,المكلفون بالعمل في الثانوية العامة الدفعة السادسة -26111394
26111396,المكلفون بالعمل في الثانوية العامة الدفعة السادسة -26111396
26111397,المكلفون بالعمل في الثانوية العامة الدفعة السادسة -26111397
26111398,المكلفون بالعمل في الثانوية العامة الدفعة السادسة -26111398
26111399,المكلفون بالعمل في الثانوية العامة الدفعة السادسة -26111399
26111403,المكلفون بالعمل في الثانوية العامة الدفعة السادسة -26111403
26111404,المكلفون بالعمل في الثانوية العامة الدفعة السادسة -26111404
26111405,المكلفون بالعمل في الثانوية العامة الدفعة السادسة -26111405
26111406,المكلفون بالعمل في الثانوية العامة الدفعة السادسة -26111406
26111407,المكلفون بالعمل في الثانوية العامة الدفعة السادسة -26111407
26111408,المكلفون بالعمل في الثانوية العامة الدفعة السادسة -26111408
26112023,المكلفون بالعمل في الثانوية العامة الدفعة السادسة -26112023
26112024,المكلفون بالعمل في الثانوية العامة الدفعة السادسة -26112024
26112025,المكلفون بالعمل في الثانوية العامة الدفعة السادسة -26112025
26112026,المكلفون بالعمل في الثانوية العامة الدفعة السادسة -26112026
26112031,المكلفون بالعمل في الثانوية العامة الدفعة السادسة -26112031
26112077,المكلفون بالعمل في الثانوية العامة الدفعة السادسة -26112077
26112078,المكلفون بالعمل في الثانوية العامة الدفعة السادسة -26112078
26112110,المكلفون بالعمل في الثانوية العامة الدفعة السادسة -26112110
26112112,المكلفون بالعمل في الثانوية العامة الدفعة السادسة -26112112
26112185,المكلفون بالعمل في الثانوية العامة الدفعة السادسة -26112185
26112191,المكلفون بالعمل في الثانوية العامة الدفعة السادسة -26112191
26112197,المكلفون بالعمل في الثانوية العامة الدفعة السادسة -26112197
26112198,المكلفون بالعمل في الثانوية العامة الدفعة السادسة -26112198
26112200,المكلفون بالعمل في الثانوية العامة الدفعة السادسة -26112200
26112202,المكلفون بالعمل في الثانوية العامة الدفعة السادسة -26112202
26112205,المكلفون بالعمل في الثانوية العامة الدفعة السادسة -26112205
26112208,المكلفون بالعمل في الثانوية العامة الدفعة السادسة -26112208
26112209,المكلفون بالعمل في الثانوية العامة الدفعة السادسة -26112209
26112243,المكلفون بالعمل في الثانوية العامة الدفعة السادسة -26112243
26112266,المكلفون بالعمل في الثانوية العامة الدفعة السادسة -26112266
26112276,المكلفون بالعمل في الثانوية العامة الدفعة السادسة -26112276
26112290,المكلفون بالعمل في الثانوية العامة الدفعة السادسة -26112290
26112293,المكلفون بالعمل في الثانوية العامة الدفعة السادسة -26112293
26112297,المكلفون بالعمل في الثانوية العامة الدفعة السادسة -26112297
26112298,المكلفون بالعمل في الثانوية العامة الدفعة السادسة -26112298
26311710,المكلفون بالعمل في الثانوية العامة الدفعة السادسة -26311710
26311711,المكلفون بالعمل في الثانوية العامة الدفعة السادسة -26311711
26311712,المكلفون بالعمل في الثانوية العامة الدفعة السادسة -26311712
26321709,المكلفون بالعمل في الثانوية العامة الدفعة السادسة -26321709
26331701,المكلفون بالعمل في الثانوية العامة الدفعة السادسة -26331701
26331702,المكلفون بالعمل في الثانوية العامة الدفعة السادسة -26331702
26331703,المكلفون بالعمل في الثانوية العامة الدفعة السادسة -26331703
26331704,المكلفون بالعمل في الثانوية العامة الدفعة السادسة -26331704
26331706,المكلفون بالعمل في الثانوية العامة الدفعة السادسة -26331706
26331710,المكلفون بالعمل في الثانوية العامة الدفعة السادسة -26331710
26331714,المكلفون بالعمل في الثانوية العامة الدفعة السادسة -26331714
26331718,المكلفون بالعمل في الثانوية العامة الدفعة السادسة -26331718
26331724,المكلفون بالعمل في الثانوية العامة الدفعة السادسة -26331724
26331729,المكلفون بالعمل في الثانوية العامة الدفعة السادسة -26331729
26331744,المكلفون بالعمل في الثانوية العامة الدفعة السادسة -26331744
26331748,المكلفون بالعمل في الثانوية العامة الدفعة السادسة -26331748
26331750,المكلفون بالعمل في الثانوية العامة الدفعة السادسة -26331750
26331751,المكلفون بالعمل في الثانوية العامة الدفعة السادسة -26331751
26331756,المكلفون بالعمل في الثانوية العامة الدفعة السادسة -26331756
26331759,المكلفون بالعمل في الثانوية العامة الدفعة السادسة -26331759
26331762,المكلفون بالعمل في الثانوية العامة الدفعة السادسة -26331762
26331763,المكلفون بالعمل في الثانوية العامة الدفعة السادسة -26331763
26331764,المكلفون بالعمل في الثانوية العامة الدفعة السادسة -26331764
26331765,المكلفون بالعمل في الثانوية العامة الدفعة السادسة -26331765
26331767,المكلفون بالعمل في الثانوية العامة الدفعة السادسة -26331767
26331770,المكلفون بالعمل في الثانوية العامة الدفعة السادسة -26331770
26331771,المكلفون بالعمل في الثانوية العامة الدفعة السادسة -26331771
26331773,المكلفون بالعمل في الثانوية العامة الدفعة السادسة -26331773
26331776,المكلفون بالعمل في الثانوية العامة الدفعة السادسة -26331776
26331777,المكلفون بالعمل في الثانوية العامة الدفعة السادسة -26331777
26331778,المكلفون بالعمل في الثانوية العامة الدفعة السادسة -26331778
26331779,المكلفون بالعمل في الثانوية العامة الدفعة السادسة -26331779
26331781,المكلفون بالعمل في الثانوية العامة الدفعة السادسة -26331781
26331782,المكلفون بالعمل في الثانوية العامة الدفعة السادسة -26331782
26331783,المكلفون بالعمل في الثانوية العامة الدفعة السادسة -26331783
26331784,المكلفون بالعمل في الثانوية العامة الدفعة السادسة -26331784
26331785,المكلفون بالعمل في الثانوية العامة الدفعة السادسة -26331785
26331786,المكلفون بالعمل في الثانوية العامة الدفعة السادسة -26331786
26331787,المكلفون بالعمل في الثانوية العامة الدفعة السادسة -26331787
26331788,المكلفون بالعمل في الثانوية العامة الدفعة السادسة -26331788
26331789,المكلفون بالعمل في الثانوية العامة الدفعة السادسة -26331789
26331790,المكلفون بالعمل في الثانوية العامة الدفعة السادسة -26331790
26331791,المكلفون بالعمل في الثانوية العامة الدفعة السادسة -26331791
26331792,المكلفون بالعمل في الثانوية العامة الدفعة السادسة -26331792
26331793,المكلفون بالعمل في الثانوية العامة الدفعة السادسة -26331793
26331794,المكلفون بالعمل في الثانوية العامة الدفعة السادسة -26331794
26331795,المكلفون بالعمل في الثانوية العامة الدفعة السادسة -26331795
26331796,المكلفون بالعمل في الثانوية العامة الدفعة السادسة -26331796
26331797,المكلفون بالعمل في الثانوية العامة الدفعة السادسة -26331797
26331798,المكلفون بالعمل في الثانوية العامة الدفعة السادسة -26331798
26331799,المكلفون بالعمل في الثانوية العامة الدفعة السادسة -26331799
26331800,المكلفون بالعمل في الثانوية العامة الدفعة السادسة -26331800
26331801,المكلفون بالعمل في الثانوية العامة الدفعة السادسة -26331801
26110000,المكلفون بالعمل في الثانوية العامة الدفعة السادسة -26110000
2611,المكلفون بالعمل في الثانوية العامة الدفعة السادسة -2611
